n,t_ome,t_to,type
10,0.000438417,7.8625e-5,line
12,0.000784292,0.00012,line
14,0.001294,0.000190792,line
16,0.002035125,0.000307,line
18,0.003030292,0.000460708,line
20,0.0043765,0.00065575,line
22,0.006137459,0.000928625,line
24,0.008413959,0.001279584,line
26,0.011140291,0.001712667,line
28,0.014753708,0.002197084,line
30,0.019016584,0.00280125,line
